{
    "root_group": {
        "checks": {
            "get movie 2xx or 404": {
                "name": "get movie 2xx or 404",
                "path": "::get movie 2xx or 404",
                "id": "ab5a26a66d690bac9d98f73ae1f985d7",
                "passes": 4102,
                "fails": 0
            },
            "login 200": {
                "name": "login 200",
                "path": "::login 200",
                "id": "48b06dc5cde7f6ebb606ad7da726a2a5",
                "passes": 800,
                "fails": 0
            },
            "search movies 200": {
                "name": "search movies 200",
                "path": "::search movies 200",
                "id": "731de94c28b3434fd6a48d77c4e7a2d6",
                "passes": 2613,
                "fails": 0
            },
            "list movies 200": {
                "passes": 2574,
                "fails": 0,
                "name": "list movies 200",
                "path": "::list movies 200",
                "id": "c2a1a2bc006d72c60b7420c3b6495d10"
            }
        },
        "name": "",
        "path": "",
        "id": "d41d8cd98f00b204e9800998ecf8427e",
        "groups": {}
    },
    "metrics": {
        "http_req_connecting": {
            "max": 84.47498,
            "p(90)": 0,
            "p(95)": 0,
            "avg": 0.0950122871444147,
            "min": 0,
            "med": 0
        },
        "http_req_failed": {
            "passes": 0,
            "fails": 10089,
            "thresholds": {
                "rate<0.01": false
            },
            "value": 0
        },
        "http_req_waiting": {
            "med": 1816.202699,
            "max": 5626.48439,
            "p(90)": 2331.1126086000004,
            "p(95)": 2528.4687552,
            "avg": 1852.440429178897,
            "min": 2.937186
        },
        "search_movies_duration": {
            "avg": 1805.3803554646004,
            "min": 71.017449,
            "med": 1782.918562,
            "max": 4362.50393,
            "p(90)": 2088.9083988,
            "p(95)": 2215.1110938
        },
        "http_req_blocked": {
            "med": 0.00793,
            "max": 84.524232,
            "p(90)": 0.016104800000000013,
            "p(95)": 0.021613000000000007,
            "avg": 0.15296943730795992,
            "min": 0.0014
        },
        "vus": {
            "min": 5,
            "max": 90,
            "value": 5
        },
        "list_movies_duration": {
            "med": 2492.1947265,
            "max": 5879.331827,
            "p(90)": 2924.1318975,
            "p(95)": 3138.6412130499994,
            "avg": 2508.9367306340355,
            "min": 635.341304
        },
        "http_req_duration{scenario:get_movie}": {
            "avg": 1700.4764287291584,
            "min": 2.990298,
            "med": 1678.3874675,
            "max": 4491.225802,
            "p(90)": 2028.2847748,
            "p(95)": 2133.5769107499996,
            "thresholds": {
                "p(95)<300": true
            }
        },
        "checks": {
            "passes": 10089,
            "fails": 0,
            "value": 1
        },
        "http_req_duration{scenario:search_movies}": {
            "min": 71.017449,
            "med": 1782.918562,
            "max": 4362.50393,
            "p(90)": 2088.9083988,
            "p(95)": 2215.1110938,
            "avg": 1805.3803554646004,
            "thresholds": {
                "p(95)<2000": true
            }
        },
        "http_req_duration{expected_response:true}": {
            "min": 2.990298,
            "med": 1836.473423,
            "max": 5879.331827,
            "p(90)": 2613.3386208,
            "p(95)": 2823.9706088000003,
            "avg": 1940.2128325336469
        },
        "get_movie_duration": {
            "p(90)": 2028.2847748,
            "p(95)": 2133.5769107499996,
            "avg": 1700.4764287291582,
            "min": 2.990298,
            "med": 1678.3874675,
            "max": 4491.225802
        },
        "vus_max": {
            "max": 90,
            "value": 90,
            "min": 90
        },
        "http_req_duration{scenario:login}": {
            "p(95)": 2377.03536305,
            "avg": 1779.9886791299996,
            "min": 86.478026,
            "med": 1759.601271,
            "max": 4041.789807,
            "p(90)": 2216.7871941,
            "thresholds": {
                "p(95)<500": true
            }
        },
        "data_received": {
            "rate": 175819252.79951963,
            "count": 53370259445
        },
        "http_req_duration": {
            "min": 2.990298,
            "med": 1836.473423,
            "max": 5879.331827,
            "p(90)": 2613.3386208,
            "p(95)": 2823.9706088000003,
            "avg": 1940.2128325336469
        },
        "http_req_duration{scenario:list_movies}": {
            "max": 5879.331827,
            "p(90)": 2924.1318975,
            "p(95)": 3138.6412130499994,
            "avg": 2508.9367306340355,
            "min": 635.341304,
            "med": 2492.1947265,
            "thresholds": {
                "p(95)<10000": false,
                "p(99)<20000": false
            }
        },
        "http_reqs": {
            "count": 10089,
            "rate": 33.23649650461903
        },
        "http_req_tls_handshaking": {
            "p(90)": 0,
            "p(95)": 0,
            "avg": 0,
            "min": 0,
            "med": 0,
            "max": 0
        },
        "http_req_receiving": {
            "med": 10.576629,
            "max": 1062.988936,
            "p(90)": 302.65191500000003,
            "p(95)": 404.6716570000001,
            "avg": 87.71274812855593,
            "min": 0.013831
        },
        "iterations": {
            "count": 10089,
            "rate": 33.23649650461903
        },
        "http_req_sending": {
            "avg": 0.05965522618693654,
            "min": 0.00362,
            "med": 0.025151,
            "max": 74.572151,
            "p(90)": 0.05880700000000001,
            "p(95)": 0.080486
        },
        "iteration_duration": {
            "p(90)": 3744.0867076,
            "p(95)": 3932.7223282,
            "avg": 2688.4768913914104,
            "min": 503.433772,
            "med": 2403.78073,
            "max": 6880.561117
        },
        "login_duration": {
            "min": 86.478026,
            "med": 1759.601271,
            "max": 4041.789807,
            "p(90)": 2216.7871941,
            "p(95)": 2377.03536305,
            "avg": 1779.9886791299996
        },
        "data_sent": {
            "count": 844187,
            "rate": 2781.0306546481147
        }
    }
}