{
    "root_group": {
        "name": "",
        "path": "",
        "id": "d41d8cd98f00b204e9800998ecf8427e",
        "groups": {},
        "checks": {
                "status 200": {
                    "name": "status 200",
                    "path": "::status 200",
                    "id": "fad9fa412b86fcb03bee97c80dcd61f1",
                    "passes": 4885,
                    "fails": 606
                },
                "responded in time": {
                    "name": "responded in time",
                    "path": "::responded in time",
                    "id": "3a58cc90131b2532584a14142f2edaa9",
                    "passes": 3222,
                    "fails": 2269
                }
            }
    },
    "metrics": {
        "vus": {
            "value": 1,
            "min": 1,
            "max": 300
        },
        "data_sent": {
            "count": 384370,
            "rate": 640.3407185789174
        },
        "stress_error_rate": {
            "passes": 2269,
            "fails": 3222,
            "thresholds": {
                "rate<0.10": true
            },
            "value": 0.41322163540338736
        },
        "http_req_failed": {
            "passes": 606,
            "fails": 4885,
            "thresholds": {
                "rate<0.10": true
            },
            "value": 0.11036241121835731
        },
        "stress_response_time": {
            "avg": 14506.843261233873,
            "min": 235.972835,
            "med": 12756.671462,
            "max": 30070.606784,
            "p(90)": 29997.741137,
            "p(95)": 29999.1913585
        },
        "http_reqs": {
            "rate": 9.147724551127391,
            "count": 5491
        },
        "iteration_duration": {
            "avg": 15001.238853781666,
            "min": 736.195953,
            "med": 13241.091081,
            "max": 30573.773924,
            "p(90)": 30501.3615514,
            "p(95)": 30502.862217399997
        },
        "http_req_tls_handshaking": {
            "avg": 0,
            "min": 0,
            "med": 0,
            "max": 0,
            "p(90)": 0,
            "p(95)": 0
        },
        "vus_max": {
            "value": 300,
            "min": 300,
            "max": 300
        },
        "http_req_duration": {
            "avg": 14506.843261233873,
            "min": 235.972835,
            "med": 12756.671462,
            "max": 30070.606784,
            "p(90)": 29997.741137,
            "p(95)": 29999.1913585,
            "thresholds": {
                "p(99)<30000": true
            }
        },
        "http_req_connecting": {
            "med": 0,
            "max": 104.384877,
            "p(90)": 0.220566,
            "p(95)": 0.34610450000000004,
            "avg": 0.14227782844654888,
            "min": 0
        },
        "checks": {
            "passes": 8107,
            "fails": 2875,
            "value": 0.7382079766891276
        },
        "iterations": {
            "rate": 9.14272670489658,
            "count": 5488
        },
        "stress_timeouts": {
            "count": 2269,
            "rate": 3.780037699236578
        },
        "http_req_waiting": {
            "avg": 14160.44730584156,
            "min": 131.025584,
            "med": 12355.043003,
            "max": 30016.336343,
            "p(90)": 29673.412983,
            "p(95)": 29997.875872
        },
        "data_received": {
            "count": 94261852333,
            "rate": 157035414.46390983
        },
        "http_req_duration{expected_response:true}": {
            "p(95)": 28934.668939000007,
            "avg": 12584.878358578322,
            "min": 235.972835,
            "med": 11139.278736,
            "max": 30010.617118,
            "p(90)": 26455.597851600003
        },
        "http_req_sending": {
            "min": 0.00646,
            "med": 0.035673,
            "max": 41.493378,
            "p(90)": 0.080326,
            "p(95)": 0.10500699999999999,
            "avg": 0.059215079038426585
        },
        "http_req_blocked": {
            "max": 104.474004,
            "p(90)": 0.30446,
            "p(95)": 0.4709085,
            "avg": 0.1730405938808961,
            "min": 0.00253,
            "med": 0.01068
        },
        "http_req_receiving": {
            "avg": 346.3367403132406,
            "min": 0,
            "med": 335.46491,
            "max": 1190.086403,
            "p(90)": 565.389926,
            "p(95)": 625.622546
        }
    }
}